delivery_date,market_area,hours,Low (€/MWh),High (€/MWh),Last (€/MWh),Weight Avg (€/MWh),Buy Volume (MWh),Sell Volume (MWh),Volume (MWh),period_start
2026-07-13,AT,00:00 - 00:15,0.0,0.0,0.0,0.0,0.0,0.0,0.0,2026-07-13T00:00:00
2026-07-13,AT,00:15 - 00:30,0.0,0.0,0.0,0.0,0.0,0.0,0.0,2026-07-13T00:15:00
2026-07-13,AT,00:30 - 00:45,0.0,0.0,0.0,0.0,0.0,0.0,0.0,2026-07-13T00:30:00
2026-07-13,AT,00:45 - 01:00,0.0,0.0,0.0,0.0,0.0,0.0,0.0,2026-07-13T00:45:00
2026-07-13,AT,01:00 - 01:15,0.0,0.0,0.0,0.0,0.0,0.0,0.0,2026-07-13T01:00:00
2026-07-13,AT,01:15 - 01:30,0.0,0.0,0.0,0.0,0.0,0.0,0.0,2026-07-13T01:15:00
2026-07-13,AT,01:30 - 01:45,0.0,0.0,0.0,0.0,0.0,0.0,0.0,2026-07-13T01:30:00
2026-07-13,AT,01:45 - 02:00,0.0,0.0,0.0,0.0,0.0,0.0,0.0,2026-07-13T01:45:00
2026-07-13,AT,02:00 - 02:15,0.0,0.0,0.0,0.0,0.0,0.0,0.0,2026-07-13T02:00:00
2026-07-13,AT,02:15 - 02:30,0.0,0.0,0.0,0.0,0.0,0.0,0.0,2026-07-13T02:15:00
2026-07-13,AT,02:30 - 02:45,0.0,0.0,0.0,0.0,0.0,0.0,0.0,2026-07-13T02:30:00
2026-07-13,AT,02:45 - 03:00,0.0,0.0,0.0,0.0,0.0,0.0,0.0,2026-07-13T02:45:00
2026-07-13,AT,03:00 - 03:15,0.0,0.0,0.0,0.0,0.0,0.0,0.0,2026-07-13T03:00:00
2026-07-13,AT,03:15 - 03:30,0.0,0.0,0.0,0.0,0.0,0.0,0.0,2026-07-13T03:15:00
2026-07-13,AT,03:30 - 03:45,0.0,0.0,0.0,0.0,0.0,0.0,0.0,2026-07-13T03:30:00
2026-07-13,AT,03:45 - 04:00,0.0,0.0,0.0,0.0,0.0,0.0,0.0,2026-07-13T03:45:00
2026-07-13,AT,04:00 - 04:15,131.69,131.69,131.69,131.69,0.0,0.0,0.0,2026-07-13T04:00:00
2026-07-13,AT,04:15 - 04:30,126.1,126.1,126.1,126.1,0.0,0.0,0.0,2026-07-13T04:15:00
2026-07-13,AT,04:30 - 04:45,126.12,126.12,126.12,126.12,0.0,0.0,0.0,2026-07-13T04:30:00
2026-07-13,AT,04:45 - 05:00,128.25,128.25,128.25,128.25,0.0,0.0,0.0,2026-07-13T04:45:00
2026-07-13,AT,05:00 - 05:15,0.0,0.0,0.0,0.0,0.0,0.0,0.0,2026-07-13T05:00:00
2026-07-13,AT,05:15 - 05:30,0.0,0.0,0.0,0.0,0.0,0.0,0.0,2026-07-13T05:15:00
2026-07-13,AT,05:30 - 05:45,0.0,0.0,0.0,0.0,0.0,0.0,0.0,2026-07-13T05:30:00
2026-07-13,AT,05:45 - 06:00,0.0,0.0,0.0,0.0,0.0,0.0,0.0,2026-07-13T05:45:00
2026-07-13,AT,06:00 - 06:15,0.0,0.0,0.0,0.0,0.0,0.0,0.0,2026-07-13T06:00:00
2026-07-13,AT,06:15 - 06:30,0.0,0.0,0.0,0.0,0.0,0.0,0.0,2026-07-13T06:15:00
2026-07-13,AT,06:30 - 06:45,0.0,0.0,0.0,0.0,0.0,0.0,0.0,2026-07-13T06:30:00
2026-07-13,AT,06:45 - 07:00,0.0,0.0,0.0,0.0,0.0,0.0,0.0,2026-07-13T06:45:00
2026-07-13,AT,07:00 - 07:15,0.0,0.0,0.0,0.0,0.0,0.0,0.0,2026-07-13T07:00:00
2026-07-13,AT,07:15 - 07:30,0.0,0.0,0.0,0.0,0.0,0.0,0.0,2026-07-13T07:15:00
2026-07-13,AT,07:30 - 07:45,0.0,0.0,0.0,0.0,0.0,0.0,0.0,2026-07-13T07:30:00
2026-07-13,AT,07:45 - 08:00,0.0,0.0,0.0,0.0,0.0,0.0,0.0,2026-07-13T07:45:00
2026-07-13,AT,08:00 - 08:15,0.0,0.0,0.0,0.0,0.0,0.0,0.0,2026-07-13T08:00:00
2026-07-13,AT,08:15 - 08:30,0.0,0.0,0.0,0.0,0.0,0.0,0.0,2026-07-13T08:15:00
2026-07-13,AT,08:30 - 08:45,0.0,0.0,0.0,0.0,0.0,0.0,0.0,2026-07-13T08:30:00
2026-07-13,AT,08:45 - 09:00,0.0,0.0,0.0,0.0,0.0,0.0,0.0,2026-07-13T08:45:00
2026-07-13,AT,09:00 - 09:15,-3.34,-3.34,-3.34,-3.34,0.1,0.0,0.1,2026-07-13T09:00:00
2026-07-13,AT,09:15 - 09:30,1.34,1.34,1.34,1.34,0.1,0.0,0.1,2026-07-13T09:15:00
2026-07-13,AT,09:30 - 09:45,0.14,0.14,0.14,0.14,0.1,0.0,0.1,2026-07-13T09:30:00
2026-07-13,AT,09:45 - 10:00,1.25,1.25,1.25,1.25,0.1,0.0,0.1,2026-07-13T09:45:00
2026-07-13,AT,10:00 - 10:15,0.0,0.0,0.0,0.0,0.0,0.0,0.0,2026-07-13T10:00:00
2026-07-13,AT,10:15 - 10:30,0.0,0.0,0.0,0.0,0.0,0.0,0.0,2026-07-13T10:15:00
2026-07-13,AT,10:30 - 10:45,0.0,0.0,0.0,0.0,0.0,0.0,0.0,2026-07-13T10:30:00
2026-07-13,AT,10:45 - 11:00,0.0,0.0,0.0,0.0,0.0,0.0,0.0,2026-07-13T10:45:00
2026-07-13,AT,11:00 - 11:15,0.0,0.0,0.0,0.0,0.0,0.0,0.0,2026-07-13T11:00:00
2026-07-13,AT,11:15 - 11:30,0.0,0.0,0.0,0.0,0.0,0.0,0.0,2026-07-13T11:15:00
2026-07-13,AT,11:30 - 11:45,0.0,0.0,0.0,0.0,0.0,0.0,0.0,2026-07-13T11:30:00
2026-07-13,AT,11:45 - 12:00,0.0,0.0,0.0,0.0,0.0,0.0,0.0,2026-07-13T11:45:00
2026-07-13,AT,12:00 - 12:15,0.75,1.71,0.75,1.23,0.1,0.0,0.1,2026-07-13T12:00:00
2026-07-13,AT,12:15 - 12:30,-0.49,0.47,0.47,-0.01,0.1,0.0,0.1,2026-07-13T12:15:00
2026-07-13,AT,12:30 - 12:45,-2.0,-1.31,-2.0,-1.66,0.1,0.0,0.1,2026-07-13T12:30:00
2026-07-13,AT,12:45 - 13:00,-2.14,-2.0,-2.14,-2.07,0.1,0.0,0.1,2026-07-13T12:45:00
2026-07-13,AT,13:00 - 13:15,0.0,0.0,0.0,0.0,0.0,0.0,0.0,2026-07-13T13:00:00
2026-07-13,AT,13:15 - 13:30,0.0,0.0,0.0,0.0,0.0,0.0,0.0,2026-07-13T13:15:00
2026-07-13,AT,13:30 - 13:45,0.0,0.0,0.0,0.0,0.0,0.0,0.0,2026-07-13T13:30:00
2026-07-13,AT,13:45 - 14:00,0.0,0.0,0.0,0.0,0.0,0.0,0.0,2026-07-13T13:45:00
2026-07-13,AT,14:00 - 14:15,0.0,0.0,0.0,0.0,0.0,0.0,0.0,2026-07-13T14:00:00
2026-07-13,AT,14:15 - 14:30,0.0,0.0,0.0,0.0,0.0,0.0,0.0,2026-07-13T14:15:00
2026-07-13,AT,14:30 - 14:45,0.0,0.0,0.0,0.0,0.0,0.0,0.0,2026-07-13T14:30:00
2026-07-13,AT,14:45 - 15:00,0.0,0.0,0.0,0.0,0.0,0.0,0.0,2026-07-13T14:45:00
2026-07-13,AT,15:00 - 15:15,0.0,0.0,0.0,0.0,0.0,0.0,0.0,2026-07-13T15:00:00
2026-07-13,AT,15:15 - 15:30,0.0,0.0,0.0,0.0,0.0,0.0,0.0,2026-07-13T15:15:00
2026-07-13,AT,15:30 - 15:45,0.0,0.0,0.0,0.0,0.0,0.0,0.0,2026-07-13T15:30:00
2026-07-13,AT,15:45 - 16:00,0.0,0.0,0.0,0.0,0.0,0.0,0.0,2026-07-13T15:45:00
2026-07-13,AT,16:00 - 16:15,0.0,0.0,0.0,0.0,0.0,0.0,0.0,2026-07-13T16:00:00
2026-07-13,AT,16:15 - 16:30,0.0,0.0,0.0,0.0,0.0,0.0,0.0,2026-07-13T16:15:00
2026-07-13,AT,16:30 - 16:45,0.0,0.0,0.0,0.0,0.0,0.0,0.0,2026-07-13T16:30:00
2026-07-13,AT,16:45 - 17:00,0.0,0.0,0.0,0.0,0.0,0.0,0.0,2026-07-13T16:45:00
2026-07-13,AT,17:00 - 17:15,0.0,0.0,0.0,0.0,0.0,0.0,0.0,2026-07-13T17:00:00
2026-07-13,AT,17:15 - 17:30,0.0,0.0,0.0,0.0,0.0,0.0,0.0,2026-07-13T17:15:00
2026-07-13,AT,17:30 - 17:45,0.0,0.0,0.0,0.0,0.0,0.0,0.0,2026-07-13T17:30:00
2026-07-13,AT,17:45 - 18:00,0.0,0.0,0.0,0.0,0.0,0.0,0.0,2026-07-13T17:45:00
2026-07-13,AT,18:00 - 18:15,0.0,0.0,0.0,0.0,0.0,0.0,0.0,2026-07-13T18:00:00
2026-07-13,AT,18:15 - 18:30,0.0,0.0,0.0,0.0,0.0,0.0,0.0,2026-07-13T18:15:00
2026-07-13,AT,18:30 - 18:45,0.0,0.0,0.0,0.0,0.0,0.0,0.0,2026-07-13T18:30:00
2026-07-13,AT,18:45 - 19:00,0.0,0.0,0.0,0.0,0.0,0.0,0.0,2026-07-13T18:45:00
2026-07-13,AT,19:00 - 19:15,0.0,0.0,0.0,0.0,0.0,0.0,0.0,2026-07-13T19:00:00
2026-07-13,AT,19:15 - 19:30,0.0,0.0,0.0,0.0,0.0,0.0,0.0,2026-07-13T19:15:00
2026-07-13,AT,19:30 - 19:45,0.0,0.0,0.0,0.0,0.0,0.0,0.0,2026-07-13T19:30:00
2026-07-13,AT,19:45 - 20:00,0.0,0.0,0.0,0.0,0.0,0.0,0.0,2026-07-13T19:45:00
2026-07-13,AT,20:00 - 20:15,0.0,0.0,0.0,0.0,0.0,0.0,0.0,2026-07-13T20:00:00
2026-07-13,AT,20:15 - 20:30,0.0,0.0,0.0,0.0,0.0,0.0,0.0,2026-07-13T20:15:00
2026-07-13,AT,20:30 - 20:45,0.0,0.0,0.0,0.0,0.0,0.0,0.0,2026-07-13T20:30:00
2026-07-13,AT,20:45 - 21:00,0.0,0.0,0.0,0.0,0.0,0.0,0.0,2026-07-13T20:45:00
2026-07-13,AT,21:00 - 21:15,0.0,0.0,0.0,0.0,0.0,0.0,0.0,2026-07-13T21:00:00
2026-07-13,AT,21:15 - 21:30,0.0,0.0,0.0,0.0,0.0,0.0,0.0,2026-07-13T21:15:00
2026-07-13,AT,21:30 - 21:45,0.0,0.0,0.0,0.0,0.0,0.0,0.0,2026-07-13T21:30:00
2026-07-13,AT,21:45 - 22:00,0.0,0.0,0.0,0.0,0.0,0.0,0.0,2026-07-13T21:45:00
2026-07-13,AT,22:00 - 22:15,0.0,0.0,0.0,0.0,0.0,0.0,0.0,2026-07-13T22:00:00
2026-07-13,AT,22:15 - 22:30,0.0,0.0,0.0,0.0,0.0,0.0,0.0,2026-07-13T22:15:00
2026-07-13,AT,22:30 - 22:45,0.0,0.0,0.0,0.0,0.0,0.0,0.0,2026-07-13T22:30:00
2026-07-13,AT,22:45 - 23:00,0.0,0.0,0.0,0.0,0.0,0.0,0.0,2026-07-13T22:45:00
2026-07-13,AT,23:00 - 23:15,0.0,0.0,0.0,0.0,0.0,0.0,0.0,2026-07-13T23:00:00
2026-07-13,AT,23:15 - 23:30,0.0,0.0,0.0,0.0,0.0,0.0,0.0,2026-07-13T23:15:00
2026-07-13,AT,23:30 - 23:45,0.0,0.0,0.0,0.0,0.0,0.0,0.0,2026-07-13T23:30:00
2026-07-13,AT,23:45 - 24:00,0.0,0.0,0.0,0.0,0.0,0.0,0.0,2026-07-13T23:45:00
